{
  "files": {
    "tower_ghost.css": {
      "filename": "resources/tower_ghost.css",
      "version": "e0a131e71cc5fa1e72152307373838404d903d82302304e56ed041c8f520d9a2"
    },
    "definitions.json": {
      "filename": "resources/en/definitions.json",
      "version": "737952d7b636c343f931433e91ecbf4e677947584f2954123d27f1a68dfcf3d3"
    },
    "1.libraries.js": {
      "filename": "resources/1.libraries.js",
      "version": "aa3714b035380fbff28c2c0e2300dcdc411284ca11acfb7a55666150522f9caf"
    },
    "2.templates.js": {
      "filename": "resources/2.templates.js",
      "version": "eb5c19ecf40edd3c3e1d1dbff97a7c9df1a1433b8d462619194eb04e1964007f"
    },
    "3.tower_ghost.js": {
      "filename": "resources/3.tower_ghost.js",
      "version": "fd059a29db7e620467a406fc8fe5af401abfe4cd8460780fc9bead623d0f8af6"
    }
  },
  "load": [
    "resources/tower_ghost.css",
    "resources/en/definitions.json",
    "resources/1.libraries.js",
    "resources/2.templates.js",
    "resources/3.tower_ghost.js"
  ],
  "root": "./"
}