{
  "name": "tower_ghost",
  "title": "Tower Ghost",
  "id": "jid1-Lecsmv0nvgnC2g",
  "description": "This app allows you to transfer items between profiles, with various filters.",
  "author": "Richard Pinedo",
  "license": "MPL 2.0",
  "version": "2.9.6",
  "icon": "icon.png",
  "main": "www\\index.html",
  "window": {
    "frame": true,
    "toolbar": false,
    "width": 1024,
    "height": 768,
    "position": "center",
    "icon": "icon.png"
  },
  "permissions": {
    "cross-domain-content": [
      "https://www.bungie.net"
    ]
  }
}